level,budget_cp_per_40,gap_to_previous_elo,gap_se,rating_elo,rating_se
1,25369,0.0,0.0,0.0,0.0
2,22627,103.7,24.7,103.7,24.7
3,19027,143.1,26.1,246.8,35.9
4,17000,121.1,25.5,367.9,44.0
5,15000,147.2,26.6,515.1,51.4
6,13455,145.1,23.4,660.2,56.5
7,11980,168.4,25.2,828.6,61.9
8,10676,135.0,25.5,963.5,66.9
9,9514,119.1,24.3,1082.7,71.2
10,8354,147.2,25.8,1229.8,75.7
11,6987,147.2,27.1,1377.0,80.4
12,5844,177.2,26.7,1554.3,84.7
13,4888,143.1,26.8,1697.3,88.8
14,3419,177.2,28.2,1874.5,93.2
15,2650,137.0,26.5,2011.5,96.9
16,2000,105.6,25.0,2117.1,100.1
17,1414,117.2,18.9,2234.3,101.9
18,1000,121.1,19.0,2355.4,103.6
19,620,170.6,28.1,2526.0,107.4
20,450,119.1,28.5,2645.1,111.1
21,270,170.6,26.8,2815.7,114.3
22,193,101.8,22.2,2917.5,116.4
23,100,157.7,25.6,3075.2,119.2
24,60,107.5,23.2,3182.7,121.4
