level,rating_elo,ci95_lo,ci95_hi,chain_sum_elo,chain_sum_se,diff_vs_chain,z_vs_chain
1,0.0,0.0,0.0,0.0,0.0,0.0,0.0
2,54.8,-7.4,125.1,103.7,24.7,-48.9,-1.17
3,207.5,149.0,275.9,246.8,35.9,-39.3,-0.81
4,300.5,241.1,374.1,367.9,44.0,-67.4,-1.21
5,430.2,366.2,507.1,515.1,51.4,-84.9,-1.35
6,584.8,521.0,664.8,660.2,56.5,-75.4,-1.12
7,714.9,643.4,803.6,828.6,61.9,-113.7,-1.53
8,825.3,754.9,912.3,963.5,66.9,-138.2,-1.77
9,944.4,872.7,1038.9,1082.7,71.2,-138.3,-1.67
10,1029.5,953.3,1121.1,1229.8,75.7,-200.3,-2.3
11,1189.7,1112.8,1286.8,1377.0,80.4,-187.3,-2.04
12,1280.8,1202.0,1387.6,1554.3,84.7,-273.5,-2.82
13,1495.8,1413.7,1608.2,1697.3,88.8,-201.5,-1.98
14,1685.7,1598.4,1807.2,1874.5,93.2,-188.8,-1.76
15,1827.6,1739.9,1953.1,2011.5,96.9,-183.9,-1.65
16,2009.6,1913.2,2130.8,2117.1,100.1,-107.5,-0.94
17,2177.1,2079.7,2305.5,2234.3,101.9,-57.2,-0.49
18,2252.5,2151.4,2384.7,2355.4,103.6,-102.9,-0.86
19,2445.3,2341.5,2585.2,2526.0,107.4,-80.7,-0.65
20,2528.2,2426.4,2670.8,2645.1,111.1,-116.9,-0.92
21,2693.3,2592.2,2836.9,2815.7,114.3,-122.4,-0.94
22,2783.6,2673.3,2933.8,2917.5,116.4,-133.9,-1.0
23,2930.4,2822.4,3086.5,3075.2,119.2,-144.8,-1.06
24,3036.3,2924.9,3190.2,3182.7,121.4,-146.4,-1.05
