level,elo,ci_lo,ci_hi
0,0.0,0.0,0.0
1,126.0,53.4,200.4
2,201.9,132.4,284.8
3,316.1,228.3,408.3
4,447.6,358.3,555.0
5,616.8,517.8,743.3
6,825.5,720.1,960.7
7,916.9,812.9,1068.7
8,1048.6,931.2,1202.5
9,1119.0,1011.1,1278.1
10,1199.4,1075.0,1354.8
11,1248.4,1131.7,1408.2
12,1268.1,1143.4,1437.1
13,1307.0,1191.2,1479.1
14,1308.1,1176.1,1480.9
15,1313.9,1180.6,1472.7
16,1336.1,1192.5,1493.9
17,1339.8,1201.6,1509.4
18,1324.2,1196.0,1482.8
19,1337.0,1201.4,1496.6
20,1852.5,1710.3,2091.1
